--
-- PostgreSQL database dump
--

\restrict zjO7jy3dGRyryltxZFXJjCIVD2wHP7HDtE6IMHnNDpkYSjL66ZGRTej1Kx0COub

-- Dumped from database version 17.7 (Debian 17.7-3.pgdg13+1)
-- Dumped by pg_dump version 18.3

-- Started on 2026-03-24 19:40:31

SET statement_timeout = 0;
SET lock_timeout = 0;
SET idle_in_transaction_session_timeout = 0;
SET transaction_timeout = 0;
SET client_encoding = 'UTF8';
SET standard_conforming_strings = on;
SELECT pg_catalog.set_config('search_path', '', false);
SET check_function_bodies = false;
SET xmloption = content;
SET client_min_messages = warning;
SET row_security = off;

SET default_tablespace = '';

SET default_table_access_method = heap;

--
-- TOC entry 224 (class 1259 OID 16447)
-- Name: chats; Type: TABLE; Schema: public; Owner: postgres
--

CREATE TABLE public.chats (
    chat_id bigint NOT NULL,
    title text
);


ALTER TABLE public.chats OWNER TO postgres;

--
-- TOC entry 220 (class 1259 OID 16401)
-- Name: dispatchers; Type: TABLE; Schema: public; Owner: postgres
--

CREATE TABLE public.dispatchers (
    id integer NOT NULL,
    name text,
    telegram_user_id bigint
);


ALTER TABLE public.dispatchers OWNER TO postgres;

--
-- TOC entry 219 (class 1259 OID 16400)
-- Name: dispatchers_id_seq; Type: SEQUENCE; Schema: public; Owner: postgres
--

CREATE SEQUENCE public.dispatchers_id_seq
    AS integer
    START WITH 1
    INCREMENT BY 1
    NO MINVALUE
    NO MAXVALUE
    CACHE 1;


ALTER SEQUENCE public.dispatchers_id_seq OWNER TO postgres;

--
-- TOC entry 3471 (class 0 OID 0)
-- Dependencies: 219
-- Name: dispatchers_id_seq; Type: SEQUENCE OWNED BY; Schema: public; Owner: postgres
--

ALTER SEQUENCE public.dispatchers_id_seq OWNED BY public.dispatchers.id;


--
-- TOC entry 221 (class 1259 OID 16411)
-- Name: driver_dispatcher; Type: TABLE; Schema: public; Owner: postgres
--

CREATE TABLE public.driver_dispatcher (
    driver_id integer NOT NULL,
    dispatcher_id integer NOT NULL
);


ALTER TABLE public.driver_dispatcher OWNER TO postgres;

--
-- TOC entry 218 (class 1259 OID 16390)
-- Name: drivers; Type: TABLE; Schema: public; Owner: postgres
--

CREATE TABLE public.drivers (
    id integer NOT NULL,
    name text,
    chat_id bigint
);


ALTER TABLE public.drivers OWNER TO postgres;

--
-- TOC entry 217 (class 1259 OID 16389)
-- Name: drivers_id_seq; Type: SEQUENCE; Schema: public; Owner: postgres
--

CREATE SEQUENCE public.drivers_id_seq
    AS integer
    START WITH 1
    INCREMENT BY 1
    NO MINVALUE
    NO MAXVALUE
    CACHE 1;


ALTER SEQUENCE public.drivers_id_seq OWNER TO postgres;

--
-- TOC entry 3472 (class 0 OID 0)
-- Dependencies: 217
-- Name: drivers_id_seq; Type: SEQUENCE OWNED BY; Schema: public; Owner: postgres
--

ALTER SEQUENCE public.drivers_id_seq OWNED BY public.drivers.id;


--
-- TOC entry 223 (class 1259 OID 16427)
-- Name: loads; Type: TABLE; Schema: public; Owner: postgres
--

CREATE TABLE public.loads (
    id integer NOT NULL,
    driver_id integer,
    dispatcher_id integer,
    truck_unit text,
    broker text,
    load_number text,
    rate real,
    pu_date text,
    del_date text
);


ALTER TABLE public.loads OWNER TO postgres;

--
-- TOC entry 222 (class 1259 OID 16426)
-- Name: loads_id_seq; Type: SEQUENCE; Schema: public; Owner: postgres
--

CREATE SEQUENCE public.loads_id_seq
    AS integer
    START WITH 1
    INCREMENT BY 1
    NO MINVALUE
    NO MAXVALUE
    CACHE 1;


ALTER SEQUENCE public.loads_id_seq OWNER TO postgres;

--
-- TOC entry 3473 (class 0 OID 0)
-- Dependencies: 222
-- Name: loads_id_seq; Type: SEQUENCE OWNED BY; Schema: public; Owner: postgres
--

ALTER SEQUENCE public.loads_id_seq OWNED BY public.loads.id;


--
-- TOC entry 3293 (class 2604 OID 16404)
-- Name: dispatchers id; Type: DEFAULT; Schema: public; Owner: postgres
--

ALTER TABLE ONLY public.dispatchers ALTER COLUMN id SET DEFAULT nextval('public.dispatchers_id_seq'::regclass);


--
-- TOC entry 3292 (class 2604 OID 16393)
-- Name: drivers id; Type: DEFAULT; Schema: public; Owner: postgres
--

ALTER TABLE ONLY public.drivers ALTER COLUMN id SET DEFAULT nextval('public.drivers_id_seq'::regclass);


--
-- TOC entry 3294 (class 2604 OID 16430)
-- Name: loads id; Type: DEFAULT; Schema: public; Owner: postgres
--

ALTER TABLE ONLY public.loads ALTER COLUMN id SET DEFAULT nextval('public.loads_id_seq'::regclass);


--
-- TOC entry 3465 (class 0 OID 16447)
-- Dependencies: 224
-- Data for Name: chats; Type: TABLE DATA; Schema: public; Owner: postgres
--

COPY public.chats (chat_id, title) FROM stdin;
\.


--
-- TOC entry 3461 (class 0 OID 16401)
-- Dependencies: 220
-- Data for Name: dispatchers; Type: TABLE DATA; Schema: public; Owner: postgres
--

COPY public.dispatchers (id, name, telegram_user_id) FROM stdin;
8	DAN	\N
23	Test	\N
27	STEVE	\N
31	NATE	\N
190	Suba	1387138592
74	Suba	917274856
130	Steve	5787962324
159	Andrew	831606783
98	Miles	7745215918
1	Emir	614705450
191	Andy	5711648842
9	Beks	793265837
\.


--
-- TOC entry 3462 (class 0 OID 16411)
-- Dependencies: 221
-- Data for Name: driver_dispatcher; Type: TABLE DATA; Schema: public; Owner: postgres
--

COPY public.driver_dispatcher (driver_id, dispatcher_id) FROM stdin;
3	1
9	9
10	9
11	9
18	1
20	9
21	9
22	9
23	23
26	8
27	27
33	8
34	9
40	9
49	1
51	9
51	1
55	1
79	31
33	31
86	74
87	8
22	8
33	74
87	74
86	31
20	98
101	8
51	98
107	98
87	27
113	31
113	74
107	9
127	1
113	130
18	8
133	9
101	98
143	8
86	98
87	31
79	159
3	98
21	98
34	74
173	130
133	98
107	74
143	98
185	74
187	1
133	74
189	74
190	74
133	190
133	159
191	98
26	98
192	1
189	130
87	159
193	98
143	191
194	9
189	9
189	31
189	8
190	1
191	9
191	31
143	9
\.


--
-- TOC entry 3459 (class 0 OID 16390)
-- Dependencies: 218
-- Data for Name: drivers; Type: TABLE DATA; Schema: public; Owner: postgres
--

COPY public.drivers (id, name, chat_id) FROM stdin;
3	2219 (L) SALIM 314-675-5262	\N
187	2218 (LTO) EMIL BAKIROV 630-710-7086	-1002059121191
191	3285 (O) ZHENISHBEK MAMARAZAKOV 224-567-0045	-4938907174
192	8023 - (O) HAMIT AKCA 872-888-4313	-1003881762493
194	92 (O) TURATBEK AKYLBEKOV (NO RELAY ) (773) 717-6711	-4797134919
18	902 (L) Adakhan 312-764-3153	\N
20	1215 (LTO) Orozbek Tashpolot	\N
21	904 - Mirlan Maratbekov	\N
9	010 (O) SADRIDDIN 	\N
23	777 (O) Sam Walter	\N
185	9036 (L TEAM) ALIDZHON / AMIDKHON 	\N
27	1994 (O) NURSULTAN 773-661-8841	\N
143	9039 (LTO) Aibek / Tarielbek 7736775090	-4874122207
51	9035 (LTO) NURLAN KYDYKOV	\N
55	900 (L) Marat Makhambetov 206) 591-0689	\N
79	8019 (L) ERLANBEK / BOBOKALON	\N
101	903 (L) DANIYAR NAMAZBEKOV	\N
107	0505 (L) Vladimer	\N
113	7788 (LTO) Bekmyrza Mukambetov 919-503-0000	\N
33	094 (O) BEKSULTAN ZHUMABAEV/	\N
26	525 (O team) Ymytbek / Molmol	-4728595913
173	8300 (O) Azamat Narkoziev	\N
22	300 (CD %) GAIRAT ISMAILOV	-1001842277262
127	2169 (L) GIORGI SOKHADZE 917-900-7324	-4661336370
87	809 (O) AZAT 773-727-3169	-4566671954
49	3145 (LTO) Adyl 7737545755	-1001937412571
193	19 % DAWED RASHED 651-354-3746	-4898096146
34	24 (O) MARAT BOSTONOV 773-205-7711	-1003680900764
11	435 (O) ELAMAN +15037545834	-1002139977401
40	996 (O) ILICHBEK 773-885-0615	-4689481980
10	359 (O) BEKMAMAT 773-742-3421	-4641686311
189	1386 (L) BEKTUR TULOBERDIEV 872-296-0000	-4580032570
133	3574 (O) KUSHTARBEK ALLANOV 779 888 0881	-1003678153632
86	3477 (O) Tilek Nurgaliev/Azamat	-4564957603
190	1566 (LTO)Kubanych Mombaev / Nursultan (224) 775-6582	-4698342737
\.


--
-- TOC entry 3464 (class 0 OID 16427)
-- Dependencies: 223
-- Data for Name: loads; Type: TABLE DATA; Schema: public; Owner: postgres
--

COPY public.loads (id, driver_id, dispatcher_id, truck_unit, broker, load_number, rate, pu_date, del_date) FROM stdin;
40	9	9	010	Armstrong	4145108	2600	03/11/2026	03/13/2026
64	194	9	92	Armstrong	4145066	3150	03/13/2026	03/15/2026
3	3	1	2219	ARMSTRONG	4131530-1	1600	3/7/2026	3/8/2026
7	3	1	2219	ARMSTRONG	4135958-1	1450	3/10/2026	3/10/2026
46	3	1	2219	ARMSTRONG	4141695-1	1450	3/12/2026	3/12/2026
48	33	8	094	Amazon	T-1136CCPLV	2174.97	3/12/2026	3/12/2026
71	49	1	3145	IGT	0066449	2900	03/14/2026	03/14/2026
52	11	9	435	Veltri	785235	1000	3/12/2026	3/13/2026
63	40	9	996	Armstrong	4147955	3400	03/14/2026	03/15/2026
14	11	9	435	ITS	4462809	950	3/10/2026	3/11/2026
18	18	1	902	Intercity	0322067	2900	3/11/2026	3/12/2026
23	23	23	Test	Test	LOAD T-001	1000	2/26/2026	2/28/2026
27	3	1	2219	ARMSTRONG	4138448-1	1750	3/10/2026	3/11/2026
47	49	1	3145	IGT	0066374	2900	03/12/2026	03/12/2026
35	133	9	300	Emerge	S113684489	3260.68	3/11/2026	03/12/2026
37	194	9	300	Emerge	S113684495	3260.68	3/11/2026	03/12/2026
49	51	9	98	Armstrong	4141729	2600	03/11/2026	03/12/2026
20	20	9	1215	Emerge	S113684491	3260.68	03/10/2026	03/11/2026
36	191	9	300	Emerge	S113684490	3260.68	3/11/2026	03/12/2026
41	11	9	010	Armstrong	4141709	3400	03/12/2026	03/12/2026
21	21	9	904	Emerge	S113684480	3338.2	3/10/2026	3/12/2026
65	11	9	435	Armstrong	4148001	3100	03/14/2026	03/14/2026
43	22	9	300	Armstrong	4141730	3400	03/12/2026	03/13/2026
22	22	9	300	Emerge	S113684482	3338.2	3/10/2026	3/12/2026
29	86	31	3477	AMAZON	112BBS86T	184.6	3/11/2026	3/11/2026
24	26	8	525	ITF	TR-0000490760-01	2200	03/11/2026	03/12/2026
44	21	9	904	Bluegrace	BG1102957726	4100	03/12/2026	03/13/2026
25	27	27	1994	ITS	4485870	3100	3/10/2026	3/12/2026
31	33	8	9039	Amazon	T-116N8VY49	2174.97	3/11/2026	3/12/2026
32	34	9	24	Third Coast	1050937	600	3/11/2026	3/12/2026
33	34	9	24	Bluegrace	SO-201300	4000	3/12/2026	3/16/2026
34	20	9	1215	Entourage	0342487	4400	3/12/2026	3/13/2026
53	55	1	900	Third Coast	1050976	900	3/12/2026	3/13/2026
61	191	9	3285	HD Shipping	108604	2200	3/13/2026	3/14/2026
54	55	1	900	Bluegrace	SO-201309	4200	3/13/2026	3/16/2026
8	143	8	9039	Amazon	T-111CZ216G	2950	3/9/2026	3/10/2026
55	22	9	300	FreightPlus	LD137582K	1000	3/13/2026	3/13/2026
38	40	9	300	Emerge	S113684481	3338.2	3/10/2026	03/12/2026
39	10	9	359	Armstrong	4138441	3150	03/11/2026	03/13/2026
59	49	1	3145	Go 2 Express	1287370	1400	3/12/2026	3/13/2026
68	20	9	1215	Emerge	S113684497	3260.68	3/13/2026	03/14/2026
56	40	9	904	Bluegrace	BG1103703326	4100	03/13/2026	03/14/2026
74	21	9	904	Armstrong	4148536-1	3400	03/15/2026	03/16/2026
57	10	9	359	Emerge	S113684493	3260.68	3/12/2026	03/13/2026
70	21	9	904	Emerge	S113684479	3338.68	3/10/2026	03/12/2026
69	143	9	9039	ITS	4485127	3000	3/14/2026	3/14/2026
60	9	9	010	Wel	318039	1000	3/13/2026	3/14/2026
66	11	9	435	Veltri	786377	900	3/14/2026	3/15/2026
67	40	9	996	ITS	4488300	3900	3/14/2026	3/16/2026
76	3	1	2219	ARMSTRONG	4148558-1	1450	3/15/2026	3/15/2026
77	79	31	8019	DDX TRANSPORT	0188473	4500	3/14/2026	3/17/2026
79	33	31	094	AMAZON	1169X97Y6	3791.8	3/14/2026	3/16/2026
30	86	31	3477	AMAZON	1117VKH26	667.81	3/11/2026	3/11/2026
16	190	1	1566	Sage Freight	260937	1253	3/11/2026	3/11/2026
78	21	9	9530	Bluegrace	BG1104530726	4100	03/15/2026	03/16/2026
72	189	74	9038	AMAZON	116GFBD52	566.31	3/13/2026	3/12/2026
62	133	9	3574	NTG	9198458	2800	3/13/2026	3/16/2026
17	190	1	1566	Armstrong	4141752-1	4300	3/12/2026	3/13/2026
73	190	1	1566	Amazon	114QNWT2B	2330.94	03/14/2026	03/15/2026
1	187	1	2218	IGT	0065858	2900	3/7/2026	3/7/2026
5	187	1	2218	The Worthington	265321	1500	3/9/2026	3/10/2026
50	187	1	2218	Ship it Log	50674	1100	3/12/2026	3/13/2026
19	187	1	2218	IGT	0066248	2900	03/11/2026	03/11/2026
58	187	1	2218	IGT	0066434	2900	03/13/2026	03/13/2026
80	191	31	3285	AMAZON	T-112M6ZVZ9	1237.79	3/14/2026	3/16/2026
45	192	1	8023	ARMSTRONG	4141705-1	1750	3/11/2026	3/12/2026
4	192	1	8023	ARMSTRONG	4131518-1	1300	3/8/2026	3/8/2026
6	192	1	8023	ARMSTRONG	4135964-1	1750	3/9/2026	3/10/2026
28	192	1	8023	ARMSTRONG	4138455-1	1450	3/11/2026	3/11/2026
75	192	1	8023	ARMSTRONG	4148585-1	1750	3/14/2026	3/15/2026
81	10	9	359	ITS	4476448	1300	3/15/2026	3/15/2026
84	86	74	1566	AMAZON	T-112638YX6	2174.29	3/15/2026	3/16/2026
85	87	8	809	AMAZON	116LBC6GM	1319.37	3/15/2026	3/16/2026
89	22	8	300	AMAZON	112K6N4B4	1180.91	3/16/2026	3/16/2026
91	20	9	1215	AMAZON	T-1147MX8FG	1700	3/15/2026	3/15/2026
93	33	74	094	AMAZON	116T795HW	3326.09	3/16/2026	3/22/2026
94	87	74	1566	AMAZON	114J3F211	2870	3/15/2026	3/17/2026
95	86	31	3477	AMAZON	111K5TYHL	2750	3/16/2026	3/17/2026
97	22	8	300	AMAZON	112XS1893	1083.82	3/16/2026	3/16/2026
98	49	1	3145	PLS	32023619	1700	3/16/2026	3/17/2026
100	51	1	000	Blue Grace	SO-201348	4200	3/17/2026	3/20/2026
103	51	98	9035	FIRST CUT	144143	775	3/16/2026	3/17/2026
105	107	98	0505	JEAR Logistics	1106089	8000	3/16/2026	3/18/2026
106	18	1	000	Bluegrace	BG1109313626	950	3/16/2026	3/17/2026
108	87	27	809	ITS	4502218/4507115	4500	\N	3/19/2026
111	113	31	7788	AMAZON	113P9NVNS	1850	3/17/2026	3/17/2026
112	3	1	2219	ARMSTRONG	4152435-1	1750	3/16/2026	3/17/2026
114	86	31	3477	AMAZON	114B5PK23	2186.77	3/17/2026	3/17/2026
115	113	74	7788	AMAZON	111NL84MF	1341.2	3/17/2026	3/17/2026
117	107	9	0505	Emerge	S113719441	4400	3/19/2026	3/19/2026
119	3	1	8023	ARMSTRONG	4155478-1	1450	3/18/2026	3/18/2026
123	10	9	359	Armstrong	4152460	3150	3/17/2026	3/19/2026
128	113	130	7788	AMAZON	T-115LPBXRF	5972	3/18/2026	3/18/2026
129	18	8	2215	AMAZON	T-1139GQ7VV	3706.77	3/18/2026	3/21/2026
132	11	9	435	Armstrong	4158690	3600	3/19/2026	3/19/2026
133	21	9	904	Armstrong	4158664	3400	3/19/2026	3/20/2026
135	3	1	2219	ARMSTRONG	4158695-1	1750	3/18/2026	3/19/2026
139	86	31	3477	AMAZON	1113XCN94	915.79	3/19/2026	3/20/2026
140	101	98	908	ITS	4520131, 4514176	991	3/19/2026	3/19/2026
141	143	8	9039	AMAZON	112CHTTXW	3004.84	3/19/2026	3/20/2026
146	143	8	9039	AMAZON	111SXXL2W	2250	3/20/2026	3/21/2026
153	86	98	3477	ITS	4488881	3000	3/19/2026	3/20/2026
154	87	31	809	AMAZON	114LG2RCP	403.4	3/19/2026	3/20/2026
155	87	31	809	AMAZON	T-1147D1C5H	5604.2	3/20/2026	3/20/2026
160	3	98	2219	Bennet	1212056	2400	3/20/2026	3/22/2026
161	21	98	904	TEK Logistics	128291997	1100	3/20/2026	3/23/2026
164	11	9	435	Armstrong	4165048	3100	3/21/2026	3/21/2026
168	34	74	24	TGF	558878	1300	3/20/2026	3/23/2026
171	173	130	8300	Nolan Transportation Group	9217371	4465	3/21/2026	3/24/2026
172	133	98	904	BMM	281029	900	3/21/2026	3/23/2026
173	86	98	3477	ITS	4514896	4000	3/21/2026	3/21/2026
174	107	74	0505	ITS	4525262	1600	3/20/2026	3/22/2026
167	187	1	2218	IGT	0066982	2900	3/21/2026	3/21/2026
86	34	9	24	Emerge	S113684503	3260.68	3/14/2026	03/15/2026
96	20	98	1215	JRX	4549	2700	03/16/2026	03/18/2026
99	101	8	301	ITF	TR-0000492556-01 / TR-0000491691-01	2500	3/16/2026	3/18/2026
109	11	9	435	Armstrong	4152436	3100	03/17/2026	03/17/2026
113	192	1	8023	ARMSTRONG	4152447-1	1450	3/17/2026	3/17/2026
147	20	9	1215	Armstrong	4158672	3150	03/19/2026	03/21/2026
110	9	9	010	Armstrong	4152494	3700	03/17/2026	03/18/2026
118	21	9	904	Emerge	S113707442	3554	03/17/2026	03/19/2026
122	34	9	24	Armstrong	4155487	3400	03/18/2026	03/19/2026
125	127	1	2169	Firs Star	760937	5700	03/18/2026	03/20/2026
143	191	9	3285	Emerge	S113707452	3419.02	03/18/2026	03/19/2026
126	49	1	3145	ILS	2842105	1500	03/18/2026	03/19/2026
130	9	9	010	GreatLakes	806487	1150	03/18/2026	03/19/2026
131	133	9	3574	Emerge	S113707446	3419.02	03/17/2026	03/18/2026
134	20	9	1215	Emerge	S113707451	3419.02	03/18/2026	03/19/2026
142	11	9	435	ITS	4488963	975	03/20/2026	03/20/2026
165	191	9	3285	ITS	4504664	800	3/20/2026	3/21/2026
107	191	9	9530	Bluegrace	BG1105476226	4319	03/17/2026	03/18/2026
102	189	74	1386	AMAZON	T-111P9L2DF	2563.8	3/17/2026	3/17/2026
148	133	9	3574	Armstrong	4162447	3800	03/20/2026	03/21/2026
149	40	9	996	Bluegrace	BG1108247026	4319.92	03/20/2026	03/21/2026
150	49	1	3145	IGT	0066967	2900	03/20/2026	03/20/2026
152	9	9	010	Emerge	S113707441	3504	03/18/2026	03/20/2026
157	79	159	1537	AMAZON	T-1139Q2C8J	4150	03/20/2026	03/21/2026
162	55	1	900	Aspirations	0076766	3900	3/23/2026	3/23/2026
170	49	1	3145	Bison	6879902	1500	3/23/2026	3/23/2026
163	10	9	359	Armstrong	4162461	3150	03/20/2026	03/22/2026
90	185	74	1566	AMAZON	T-112NDFKHJ	329.98	3/15/2026	3/16/2026
88	189	9	1386	Corporate Traffic	11651913	1700	3/15/2026	3/17/2026
87	189	74	9038	AMAZON	T-114PHKSZX	1877.04	3/16/2026	3/16/2026
138	189	31	9038	AMAZON	11237FVVV	1746.34	3/20/2026	3/20/2026
101	133	74	3574	AMAZON	113XW7Y28	1000.11	3/16/2026	3/17/2026
116	133	9	3574	AmeriFreight	966699	800	3/17/2026	3/17/2026
83	190	74	1566	AMAZON	T-115DVTCSX	2508.6	3/15/2026	3/12/2026
104	187	1	2218	IGT	0066673	2900	03/17/2026	03/17/2026
120	187	1	2218	ILS	2841349	1500	03/17/2026	03/18/2026
144	187	1	2218	PLS	32029346	1600	03/18/2026	03/20/2026
92	185	74	1566	AMAZON	T-116HKSYDT	1336.65	3/16/2026	3/16/2026
124	143	8	9039	AMAZON	T-11124T13L	815.8	3/18/2026	3/18/2026
127	143	8	9039	AMAZON	113T5NVX3	1398.91	3/18/2026	3/19/2026
176	127	1	2169	Emerge	S113707369	4509	3/21/2026	3/23/2026
177	143	98	9039	Caravan	LD620399	6500	3/22/2026	3/24/2026
178	86	98	3477	AMAZON	114YPTHDN	3563.19	\N	\N
182	11	9	435	ITS	4496431	2100	3/23/2026	3/24/2026
183	185	74	9036	AMAZON	112CDGRZY	4069	3/22/2026	3/25/2026
82	9	9	010	Emerge	S113684498	3260.68	3/14/2026	03/15/2026
121	49	1	3145	IGT	0066765	2900	03/18/2026	03/18/2026
145	51	1	9035	Warren	1169329	1000	03/20/2026	03/20/2026
151	10	9	359	Emerge	S113707449	3419.02	03/18/2026	03/19/2026
184	22	8	\N	AMAZON	112X2KB31	1905.82	3/22/2026	3/24/2026
185	187	1	\N	ILS	2843629	1450	3/24/2026	3/24/2026
187	133	74	\N	AMAZON	111MWC791	413.97	3/22/2026	3/22/2026
188	189	74	\N	Magellan Transport Logistics Inc	1840390	3900	3/24/2026	3/24/2026
189	86	74	\N	AMAZON	114YBYY6B	4204.21	3/22/2026	3/28/2026
190	190	74	\N	AMAZON	116B3LC21	258.6	3/22/2026	3/22/2026
192	87	74	\N	AMAZON	112QQ5BD5	1592.98	3/23/2026	3/24/2026
193	133	190	\N	AMAZON	114TF2LGJ	266	3/23/2026	3/23/2026
194	133	159	\N	AMAZON	113KVBG25	254.94	3/23/2026	3/23/2026
195	190	74	\N	AMAZON	111DCTQR3	815.65	3/23/2026	3/23/2026
196	86	74	\N	AMAZON	116GBXQF5	2730.6	3/23/2026	3/24/2026
197	191	98	\N	Redwood	3907374	1075	3/23/2026	3/24/2026
198	34	9	\N	Allenlund	8222764	2800	3/23/2026	3/25/2026
199	34	9	\N	Emerge	S113707457	3419.02	3/21/2026	3/22/2026
200	86	98	\N	Caravan	LD625334	6300	3/24/2026	3/26/2026
201	26	98	\N	Integrity	2913777	9700	3/24/2026	3/24/2026
202	22	9	\N	Metro	MLBL-77025, MLBL-77029	1200	3/24/2026	3/24/2026
203	49	1	\N	IGT	0067224	2900	3/24/2026	3/24/2026
204	127	1	\N	Immense Trucking	4514892	3150	\N	3/25/2026
205	192	1	\N	Caravan Supply	LD627401	1400	\N	3/25/2026
206	189	130	\N	OpenRoad	OR505983	3600	\N	\N
207	87	159	\N	AMAZON	112PZ2Y18	806.86	3/24/2026	3/24/2026
208	193	98	\N	DLS	1861817	5000	3/24/2026	3/26/2026
209	49	1	\N	ILS	2843628	1450	3/25/2026	3/25/2026
210	193	98	\N	TRIDENT	1046829	4750	3/26/2026	3/30/2026
211	34	9	\N	Armstrong	4172417	3800	3/25/2026	3/26/2026
212	11	9	\N	Armstrong	4172438	3100	3/25/2026	3/25/2026
213	40	9	\N	Bluegrace	BG1110659526	4371.92	3/25/2026	3/26/2026
214	40	9	\N	Emerge	S113730723	3603.1	3/24/2026	3/26/2026
215	133	9	\N	Emerge	S113730729	3475.1	3/24/2026	3/25/2026
216	187	1	\N	IGT	0067307	2900	3/25/2026	3/25/2026
217	143	191	\N	ITS	4518783	4850	\N	\N
218	194	9	\N	Emerge	S113730726	3603.1	3/24/2026	3/26/2026
219	10	9	\N	Emerge	S113730730	3475.1	3/24/2026	3/25/2026
136	189	130	1386	AMAZON	T-115F551B3	832.3	3/19/2026	3/19/2026
156	189	31	9038	AMAZON	112Z7PR22	2639.78	3/20/2026	3/21/2026
169	189	8	9038	AMAZON	114J1NSMG	2248.03	3/20/2026	3/22/2026
180	189	74	9038	AMAZON	1144MJ4QB	2106.34	3/22/2026	3/23/2026
175	190	74	1566	AMAZON	116V165C7	1529.93	3/21/2026	3/22/2026
181	190	74	1566	AMAZON	115MTZ3YQ	2205.49	3/22/2026	3/23/2026
137	187	1	2218	IGT	0066876	2900	03/19/2026	03/19/2026
166	191	9	3285	Armstrong	4165012	3400	03/21/2026	03/22/2026
179	9	9	010	Bluegrace	BG1108785326	4319.92	\N	\N
\.


--
-- TOC entry 3474 (class 0 OID 0)
-- Dependencies: 219
-- Name: dispatchers_id_seq; Type: SEQUENCE SET; Schema: public; Owner: postgres
--

SELECT pg_catalog.setval('public.dispatchers_id_seq', 191, true);


--
-- TOC entry 3475 (class 0 OID 0)
-- Dependencies: 217
-- Name: drivers_id_seq; Type: SEQUENCE SET; Schema: public; Owner: postgres
--

SELECT pg_catalog.setval('public.drivers_id_seq', 194, true);


--
-- TOC entry 3476 (class 0 OID 0)
-- Dependencies: 222
-- Name: loads_id_seq; Type: SEQUENCE SET; Schema: public; Owner: postgres
--

SELECT pg_catalog.setval('public.loads_id_seq', 219, true);


--
-- TOC entry 3308 (class 2606 OID 16453)
-- Name: chats chats_pkey; Type: CONSTRAINT; Schema: public; Owner: postgres
--

ALTER TABLE ONLY public.chats
    ADD CONSTRAINT chats_pkey PRIMARY KEY (chat_id);


--
-- TOC entry 3299 (class 2606 OID 16408)
-- Name: dispatchers dispatchers_pkey; Type: CONSTRAINT; Schema: public; Owner: postgres
--

ALTER TABLE ONLY public.dispatchers
    ADD CONSTRAINT dispatchers_pkey PRIMARY KEY (id);


--
-- TOC entry 3302 (class 2606 OID 16415)
-- Name: driver_dispatcher driver_dispatcher_pkey; Type: CONSTRAINT; Schema: public; Owner: postgres
--

ALTER TABLE ONLY public.driver_dispatcher
    ADD CONSTRAINT driver_dispatcher_pkey PRIMARY KEY (driver_id, dispatcher_id);


--
-- TOC entry 3297 (class 2606 OID 16397)
-- Name: drivers drivers_pkey; Type: CONSTRAINT; Schema: public; Owner: postgres
--

ALTER TABLE ONLY public.drivers
    ADD CONSTRAINT drivers_pkey PRIMARY KEY (id);


--
-- TOC entry 3304 (class 2606 OID 16436)
-- Name: loads loads_load_number_key; Type: CONSTRAINT; Schema: public; Owner: postgres
--

ALTER TABLE ONLY public.loads
    ADD CONSTRAINT loads_load_number_key UNIQUE (load_number);


--
-- TOC entry 3306 (class 2606 OID 16434)
-- Name: loads loads_pkey; Type: CONSTRAINT; Schema: public; Owner: postgres
--

ALTER TABLE ONLY public.loads
    ADD CONSTRAINT loads_pkey PRIMARY KEY (id);


--
-- TOC entry 3300 (class 1259 OID 16455)
-- Name: dispatchers_telegram_user_id_key; Type: INDEX; Schema: public; Owner: postgres
--

CREATE UNIQUE INDEX dispatchers_telegram_user_id_key ON public.dispatchers USING btree (telegram_user_id) WHERE (telegram_user_id IS NOT NULL);


--
-- TOC entry 3295 (class 1259 OID 16454)
-- Name: drivers_chat_id_key; Type: INDEX; Schema: public; Owner: postgres
--

CREATE UNIQUE INDEX drivers_chat_id_key ON public.drivers USING btree (chat_id) WHERE (chat_id IS NOT NULL);


--
-- TOC entry 3309 (class 2606 OID 16421)
-- Name: driver_dispatcher driver_dispatcher_dispatcher_id_fkey; Type: FK CONSTRAINT; Schema: public; Owner: postgres
--

ALTER TABLE ONLY public.driver_dispatcher
    ADD CONSTRAINT driver_dispatcher_dispatcher_id_fkey FOREIGN KEY (dispatcher_id) REFERENCES public.dispatchers(id);


--
-- TOC entry 3310 (class 2606 OID 16416)
-- Name: driver_dispatcher driver_dispatcher_driver_id_fkey; Type: FK CONSTRAINT; Schema: public; Owner: postgres
--

ALTER TABLE ONLY public.driver_dispatcher
    ADD CONSTRAINT driver_dispatcher_driver_id_fkey FOREIGN KEY (driver_id) REFERENCES public.drivers(id);


--
-- TOC entry 3311 (class 2606 OID 16442)
-- Name: loads loads_dispatcher_id_fkey; Type: FK CONSTRAINT; Schema: public; Owner: postgres
--

ALTER TABLE ONLY public.loads
    ADD CONSTRAINT loads_dispatcher_id_fkey FOREIGN KEY (dispatcher_id) REFERENCES public.dispatchers(id);


--
-- TOC entry 3312 (class 2606 OID 16437)
-- Name: loads loads_driver_id_fkey; Type: FK CONSTRAINT; Schema: public; Owner: postgres
--

ALTER TABLE ONLY public.loads
    ADD CONSTRAINT loads_driver_id_fkey FOREIGN KEY (driver_id) REFERENCES public.drivers(id);


-- Completed on 2026-03-24 19:40:57

--
-- PostgreSQL database dump complete
--

\unrestrict zjO7jy3dGRyryltxZFXJjCIVD2wHP7HDtE6IMHnNDpkYSjL66ZGRTej1Kx0COub

